"ID","X","Y","Z","INTERIOR","INTX","INTY","INTZ","MONEY","WEAP1","WEAP2","WEAP3","LOCKED","PRICE","OWNER","RENTABLE","RENTALPRICE","RENT1","RENT2","RENT3","RENT4","RENT5"
"111","1761.14","-2124.75","14.0566","1","223.054","1287.36","1082.14","0","0","0","0","0","5500","no-one","0","0","no-one","no-one","no-one","no-one","no-one"
"113","1674.11","-2122.06","14.146","6","2308.76","-1212.55","1049.02","0","0","0","0","0","7000","no-one","0","0","no-one","no-one","no-one","no-one","no-one"
"114","1734.03","-2098.45","14.0366","6","2308.76","-1212.55","1049.02","0","0","0","0","0","7250","no-one","0","0","no-one","no-one","no-one","no-one","no-one"
"115","1821.39","-1995.02","13.5544","1","2217.77","-1076.21","1050.48","0","0","0","0","0","6000","no-one","0","0","no-one","no-one","no-one","no-one","no-one"
"116","1831.63","-1995.02","13.5469","1","2217.77","-1076.21","1050.48","0","0","0","0","0","6000","no-one","0","0","no-one","no-one","no-one","no-one","no-one"
"117","1858.29","-2033.4","13.5469","1","2217.77","-1076.21","1050.48","0","0","0","0","0","6000","no-one","0","0","no-one","no-one","no-one","no-one","no-one"
"118","1894.15","-2020.5","13.5469","1","2217.77","-1076.21","1050.48","0","0","0","0","0","6000","no-one","0","0","no-one","no-one","no-one","no-one","no-one"
"119","1912.55","-1992","13.5469","1","2217.77","-1076.21","1050.48","0","0","0","0","0","6000","no-one","0","0","no-one","no-one","no-one","no-one","no-one"
"120","1872.35","-1913.17","15.2568","10","2270.08","-1210.49","1047.56","0","0","0","0","0","15000","no-one","0","0","no-one","no-one","no-one","no-one","no-one"
"121","1854.06","-1915.12","15.2568","8","2365.22","-1135.56","1050.88","0","0","0","0","0","17500","no-one","0","0","no-one","no-one","no-one","no-one","no-one"
"122","1891.98","-1915.36","15.2568","6","2196.71","-1204.36","1049.02","0","0","0","0","0","22500","no-one","0","0","no-one","no-one","no-one","no-one","no-one"
"123","1913.6","-1913.05","15.2568","8","2365.22","-1135.56","1050.88","0","0","0","0","0","17500","no-one","0","0","no-one","no-one","no-one","no-one","no-one"
"124","1937.23","-1911.43","15.2568","8","2365.22","-1135.56","1050.88","0","0","0","0","0","18000","no-one","0","0","no-one","no-one","no-one","no-one","no-one"
"125","2269.63","-1883.57","14.2048","1","2217.77","-1076.21","1050.48","0","0","0","0","0","6000","no-one","0","0","no-one","no-one","no-one","no-one","no-one"
"126","2242.19","-1883.37","14.2344","6","2308.76","-1212.55","1049.02","0","0","0","0","0","7500","no-one","0","0","no-one","no-one","no-one","no-one","no-one"
"127","2284.73","-1905.52","14.9297","2","2237.5","-1080.94","1049.02","0","0","0","0","0","12500","no-one","0","0","no-one","no-one","no-one","no-one","no-one"
"128","2437.73","-2019.97","13.6407","4","261.05","1284.76","1080.26","0","0","0","0","0","16000","no-one","0","0","no-one","no-one","no-one","no-one","no-one"
"129","2465.74","-2019.75","13.8623","10","2270.08","-1210.49","1047.56","0","0","0","0","0","17000","no-one","0","0","no-one","no-one","no-one","no-one","no-one"
"130","2507.99","-2020.37","14.2101","8","2365.22","-1135.56","1050.88","0","0","0","0","0","21500","no-one","0","0","no-one","no-one","no-one","no-one","no-one"
"131","2508.38","-1999.45","13.6407","10","421.948","2536.5","10","0","0","0","0","0","11000","no-one","0","0","no-one","no-one","no-one","no-one","no-one"
"132","2464.82","-1997.21","13.6889","6","2308.76","-1212.55","1049.02","0","0","0","0","1","7000","safa7","0","0","no-one","no-one","no-one","no-one","no-one"
"133","2385.82","-1713.07","14.1679","6","2308.76","-1212.55","1049.02","0","0","0","0","1","13000","hunter","1","150","no-one","no-one","no-one","no-one","no-one"
"134","2309.03","-1715.79","14.6496","2","2237.5","-1080.94","1049.02","0","0","0","0","1","18000","hunter","1","300","no-one","no-one","no-one","no-one","no-one"
"135","2326.74","-1717.02","13.9074","8","2365.22","-1135.56","1050.88","0","0","0","0","1","24500","hunter","1","250","no-one","no-one","no-one","no-one","no-one"
"136","2362.84","-1644.02","13.5332","6","2308.76","-1212.55","1049.02","0","0","0","0","1","10500","hunter","1","150","no-one","no-one","no-one","no-one","no-one"
"137","2368.44","-1674.86","14.1682","11","2282.94","-1140.12","1050.9","0","0","0","0","1","22500","hunter","1","125","no-one","no-one","no-one","no-one","no-one"
"138","2409.07","-1673.93","13.6029","2","2237.5","-1080.94","1049.02","0","0","0","0","1","32000","hunter","1","250","no-one","no-one","no-one","no-one","no-one"
"139","2451.77","-1642.43","13.7357","10","2270.08","-1210.49","1047.56","0","0","0","0","1","41000","hunter","1","300","no-one","no-one","no-one","no-one","no-one"
"140","2512.9","-1650.79","14.0938","10","2270.08","-1210.49","1047.56","0","0","0","0","1","46500","hunter","1","300","no-one","no-one","no-one","no-one","no-one"
"142","2243.97","-1638.44","15.9074","8","2365.22","-1135.56","1050.88","0","0","0","0","1","24500","hunter","1","250","no-one","no-one","no-one","no-one","no-one"
"143","2256.88","-1644.64","15.5188","8","2365.22","-1135.56","1050.88","0","0","0","0","1","50450","hunter","1","250","no-one","no-one","no-one","no-one","no-one"
"144","2282.25","-1642.05","15.6279","10","2270.08","-1210.49","1047.56","0","0","0","0","1","55000","hunter","1","1000","no-one","no-one","no-one","no-one","no-one"
"145","2068.8","-1628.76","13.8762","10","2270.08","-1210.49","1047.56","0","0","0","0","0","43000","Mirc","0","0","no-one","no-one","no-one","no-one","no-one"
"146","2068.38","-1644.05","13.5469","8","2365.22","-1135.56","1050.88","0","0","0","0","0","39500","Mirc","0","0","no-one","no-one","no-one","no-one","no-one"
"147","2067.79","-1656.4","13.5469","1","223.054","1287.36","1082.14","0","0","0","0","0","33500","Mirc","0","0","no-one","no-one","no-one","no-one","no-one"
"148","2068.19","-1731.74","13.8762","11","2282.94","-1140.12","1050.9","0","0","0","0","0","39000","no-one","0","0","no-one","no-one","no-one","no-one","no-one"
"149","2067.08","-1716.99","13.5547","8","2365.22","-1135.56","1050.88","0","0","0","0","0","49000","no-one","0","0","no-one","no-one","no-one","no-one","no-one"
"150","2066.21","-1703.5","14.1484","10","2270.08","-1210.49","1047.56","0","0","0","0","0","56500","no-one","0","0","no-one","no-one","no-one","no-one","no-one"
"151","1461.5","-1863.05","13.5469","5","2233.66","-1114.98","1050.88","0","0","0","0","0","9000","no-one","0","0","no-one","no-one","no-one","no-one","no-one"
"152","1466.36","-1862.81","13.5469","5","2233.66","-1114.98","1050.88","0","0","0","0","0","9000","no-one","0","0","no-one","no-one","no-one","no-one","no-one"
"153","1480.97","-1862.94","13.5469","11","2282.94","-1140.12","1050.9","0","0","0","0","0","5500","mizozaki","0","0","no-one","no-one","no-one","no-one","no-one"
"154","1485.83","-1862.84","13.5469","11","2282.94","-1140.12","1050.9","0","0","0","0","0","5500","no-one","0","0","no-one","no-one","no-one","no-one","no-one"
"155","981.423","-1814.24","13.9573","6","2196.71","-1204.36","1049.02","0","0","0","0","0","60000","no-one","0","0","no-one","no-one","no-one","no-one","no-one"
"156","958.361","-1808.37","13.971","6","2196.71","-1204.36","1049.02","0","0","0","0","0","60000","no-one","0","0","no-one","no-one","no-one","no-one","no-one"
"157","295.445","-1765.1","4.54702","10","2270.08","-1210.49","1047.56","0","0","0","0","0","49500","no-one","0","0","no-one","no-one","no-one","no-one","no-one"
"158","281.237","-1768.05","4.53311","9","2317.76","-1026.43","1050.22","0","0","0","0","0","70000","no-one","0","0","no-one","no-one","no-one","no-one","no-one"
"159","207.109","-1769.54","4.35721","4","-261.038","1456.65","1084.37","0","0","0","0","0","65000","no-one","0","0","no-one","no-one","no-one","no-one","no-one"
"160","168.761","-1769.17","4.47728","12","2324.5","-1147.07","1050.71","0","0","0","0","0","49000","no-one","0","0","no-one","no-one","no-one","no-one","no-one"
"161","652.521","-1714.16","14.7648","6","2196.71","-1204.36","1049.02","0","0","0","0","0","44500","no-one","0","0","no-one","no-one","no-one","no-one","no-one"
"162","651.717","-1620.07","15","9","2317.76","-1026.43","1050.22","0","0","0","0","0","55000","no-one","0","0","no-one","no-one","no-one","no-one","no-one"
"163","648.191","-1442.66","14.5145","11","2282.94","-1140.12","1050.9","0","0","0","0","0","6500","no-one","0","0","no-one","no-one","no-one","no-one","no-one"
"164","647.918","-1489.22","14.7999","11","2282.94","-1140.12","1050.9","0","0","0","0","0","6500","no-one","0","0","no-one","no-one","no-one","no-one","no-one"
"165","647.808","-1536.53","15.1755","11","2282.94","-1140.12","1050.9","0","0","0","0","0","6500","no-one","0","0","no-one","no-one","no-one","no-one","no-one"
"166","251.771","-1220.87","75.8742","5","1261.12","-785.38","1091.91","0","0","0","0","0","499500","no-one","0","0","no-one","no-one","no-one","no-one","no-one"
"167","415.793","-1154.81","76.6876","9","83.037","1322.62","1083.87","0","0","0","0","0","390000","no-one","0","0","no-one","no-one","no-one","no-one","no-one"
"168","557.847","-1160.67","54.4223","6","2196.71","-1204.36","1049.02","0","0","0","0","0","335000","no-one","0","0","no-one","no-one","no-one","no-one","no-one"
"170","699.861","-1060.03","49.4217","6","2196.71","-1204.36","1049.02","0","0","0","0","0","290000","no-one","0","0","no-one","no-one","no-one","no-one","no-one"
"171","937.269","-847.673","93.7483","6","2196.71","-1204.36","1049.02","0","0","0","0","0","290000","no-one","0","0","no-one","no-one","no-one","no-one","no-one"
"172","1093.84","-806.104","107.419","5","140.18","1366.72","1083.86","0","0","0","0","0","435000","no-one","0","0","no-one","no-one","no-one","no-one","no-one"
"173","1259.39","-785.33","92.0312","5","1261.12","-785.38","1091.91","0","0","0","0","0","500000","hunter","0","0","no-one","no-one","no-one","no-one","no-one"
"174","1331.94","-633.1","109.135","12","2324.5","-1147.07","1050.71","100","0","0","0","0","500000","admin","0","0","no-one","no-one","no-one","no-one","no-one"
"175","1496.82","-687.896","95.5633","5","1261.12","-785.38","1091.91","500","0","0","0","1","500000","VPK4","0","0","no-one","no-one","no-one","no-one","no-one"
"176","1533.21","-800.386","72.5455","9","2317.76","-1026.43","1050.22","0","0","0","0","0","280000","no-one","0","0","no-one","no-one","no-one","no-one","no-one"
"177","2232.53","-1159","29.7969","15","2215.11","-1150.5","1025.8","0","0","0","0","0","492000","no-one","0","0","no-one","no-one","no-one","no-one","no-one"
"178","2373.8","-1139.79","28.7969","11","2282.94","-1140.12","1050.9","0","0","0","0","0","11500","no-one","0","0","no-one","no-one","no-one","no-one","no-one"
"179","2427.4","-1136.92","34.4925","1","223.054","1287.36","1082.14","0","0","0","0","0","7500","no-one","0","0","no-one","no-one","no-one","no-one","no-one"
"180","2394.99","-1134.59","30.6972","8","2365.22","-1135.56","1050.88","0","0","0","0","0","13000","no-one","0","0","no-one","no-one","no-one","no-one","no-one"
"181","2509.87","-1132.67","41.1341","11","2282.94","-1140.12","1050.9","0","0","0","0","0","16000","no-one","0","0","no-one","no-one","no-one","no-one","no-one"
"182","2808.11","-1189.45","25.3442","5","140.18","1366.72","1083.86","0","0","0","0","0","23500","no-one","0","0","no-one","no-one","no-one","no-one","no-one"
"183","2786.35","-1925.69","13.5469","11","2282.94","-1140.12","1050.9","0","0","0","0","0","7500","no-one","0","0","no-one","no-one","no-one","no-one","no-one"
"184","2786.73","-1967.35","17.3203","11","2282.94","-1140.12","1050.9","0","0","0","0","0","7500","no-one","0","0","no-one","no-one","no-one","no-one","no-one"
"185","2786.57","-1931.95","17.3203","11","2282.94","-1140.12","1050.9","0","0","0","0","0","7000","no-one","0","0","no-one","no-one","no-one","no-one","no-one"
"186","2786.95","-1921.76","17.3203","11","2282.94","-1140.12","1050.9","0","0","0","0","0","7000","no-one","0","0","no-one","no-one","no-one","no-one","no-one"
"187","2752.33","-1963.31","13.5469","11","2282.94","-1140.12","1050.9","0","0","0","0","0","7500","no-one","0","0","no-one","no-one","no-one","no-one","no-one"
"188","2760","-2003.5","13.5547","1","244.412","305.033","999.148","0","0","0","0","0","3000","no-one","0","0","no-one","no-one","no-one","no-one","no-one"
"189","2755","-2003.5","13.5547","1","244.412","305.033","999.148","0","0","0","0","0","3000","no-one","0","0","no-one","no-one","no-one","no-one","no-one"
"190","2750","-2003.5","13.5472","1","244.412","305.033","999.148","0","0","0","0","0","3000","no-one","0","0","no-one","no-one","no-one","no-one","no-one"
"192","2745","-2003.5","13.5547","1","244.412","305.033","999.148","0","0","0","0","0","3000","no-one","0","0","no-one","no-one","no-one","no-one","no-one"
"193","2740","-2003.5","13.5547","1","244.412","305.033","999.148","0","0","0","0","0","3000","no-one","0","0","no-one","no-one","no-one","no-one","no-one"
"194","2735","-2003.5","13.5472","2","271.885","306.632","999.148","0","0","0","0","0","4000","no-one","0","0","no-one","no-one","no-one","no-one","no-one"
"195","2730","-2003.5","13.5472","1","244.412","305.033","999.148","0","0","0","0","0","3000","no-one","0","0","no-one","no-one","no-one","no-one","no-one"
"196","2673.43","-2019.54","13.9063","11","2282.94","-1140.12","1050.9","0","0","0","0","0","13500","no-one","0","0","no-one","no-one","no-one","no-one","no-one"
"197","2637.46","-1992.24","13.9935","8","2365.22","-1135.56","1050.88","0","0","0","0","0","16000","no-one","0","0","no-one","no-one","no-one","no-one","no-one"
"198","2652.86","-1989.94","13.9988","8","2365.22","-1135.56","1050.88","0","0","0","0","0","19000","no-one","0","0","no-one","no-one","no-one","no-one","no-one"
"199","2672.8","-1990","13.9935","1","223.054","1287.36","1082.14","0","0","0","0","0","8500","ludde1337","0","0","no-one","no-one","no-one","no-one","no-one"
"200","2636.42","-2012.6","13.8139","6","2308.76","-1212.55","1049.02","0","0","0","0","0","5500","no-one","0","0","no-one","no-one","no-one","no-one","no-one"
"201","2650.4","-2021.84","14.1766","10","2270.08","-1210.49","1047.56","0","0","0","0","0","21500","no-one","0","0","no-one","no-one","no-one","no-one","no-one"
"202","1341.38","-1675.23","17.7159","1","223.054","1287.36","1082.14","0","0","0","0","0","7000","no-one","0","0","no-one","no-one","no-one","no-one","no-one"
"203","1341.52","-1669.69","17.7177","1","223.054","1287.36","1082.14","0","0","0","0","0","7000","no-one","0","0","no-one","no-one","no-one","no-one","no-one"
"204","1341.69","-1654.45","17.7191","1","223.054","1287.36","1082.14","0","0","0","0","0","7000","no-one","0","0","no-one","no-one","no-one","no-one","no-one"
"205","1341.78","-1648.84","17.7191","1","223.054","1287.36","1082.14","0","0","0","0","0","7000","no-one","0","0","no-one","no-one","no-one","no-one","no-one"
"206","512.198","-1511.19","14.568","9","83.037","1322.62","1083.87","0","0","0","0","0","100000","no-one","0","0","no-one","no-one","no-one","no-one","no-one"
"207","513.132","-1464.98","14.9692","6","2196.71","-1204.36","1049.02","0","0","0","0","0","80000","no-one","0","0","no-one","no-one","no-one","no-one","no-one"
"208","-75.313","-1580.9","3.4375","6","2308.76","-1212.55","1049.02","0","0","0","0","1","2000","Persianmetal","0","0","no-one","no-one","no-one","no-one","no-one"
"209","-64.9715","-1574.65","2.61072","6","2308.76","-1212.55","1049.02","0","0","0","0","1","1500","Thierry","1","500","no-one","no-one","no-one","no-one","no-one"
"210","-68.5872","-1546.4","3.00431","6","2308.76","-1212.55","1049.02","0","0","0","0","1","3200","Persianmetal","0","0","no-one","no-one","no-one","no-one","no-one"
"211","-70.91","-1574.1","2.61719","1","244.412","305.033","999.148","0","0","0","0","1","900","Persianmetal","0","0","no-one","no-one","no-one","no-one","no-one"
"212","-88.0624","-1212.47","2.89062","11","2282.94","-1140.12","1050.9","0","0","0","0","0","5500","no-one","0","0","no-one","no-one","no-one","no-one","no-one"
"213","743.204","-509.998","18.0129","11","2282.94","-1140.12","1050.9","0","0","0","0","0","20000","no-one","0","0","no-one","no-one","no-one","no-one","no-one"
"214","744.9","-555.891","18.0129","11","2282.94","-1140.12","1050.9","0","0","0","0","0","6500","no-one","0","0","no-one","no-one","no-one","no-one","no-one"
"215","736.896","-556.367","18.0129","11","2282.94","-1140.12","1050.9","0","0","0","0","0","6500","no-one","0","0","no-one","no-one","no-one","no-one","no-one"
"216","768.23","-504.317","18.0129","10","2270.08","-1210.49","1047.56","0","0","0","0","0","25000","no-one","0","0","no-one","no-one","no-one","no-one","no-one"
"217","818.273","-509.946","18.0129","6","2196.71","-1204.36","1049.02","0","0","0","0","0","34000","no-one","0","0","no-one","no-one","no-one","no-one","no-one"
"218","759.142","-591.419","18.0133","10","2270.08","-1210.49","1047.56","0","0","0","0","0","13500","no-one","0","0","no-one","no-one","no-one","no-one","no-one"
"219","745.273","-570.24","18.0133","11","2282.94","-1140.12","1050.9","0","0","0","0","0","6500","no-one","0","0","no-one","no-one","no-one","no-one","no-one"
"220","745.277","-570.233","18.0133","11","2282.94","-1140.12","1050.9","0","0","0","0","0","6500","no-one","0","0","no-one","no-one","no-one","no-one","no-one"
"221","690.887","-625.664","16.3359","5","2233.66","-1114.98","1050.88","0","0","0","0","0","9000","no-one","0","0","no-one","no-one","no-one","no-one","no-one"
"222","672.709","-632.206","16.3359","5","2233.66","-1114.98","1050.88","0","0","0","0","0","9500","no-one","0","0","no-one","no-one","no-one","no-one","no-one"
"223","1527.44","-773.004","80.5781","4","261.05","1284.76","1080.26","0","0","0","0","0","280000","no-one","0","0","no-one","no-one","no-one","no-one","no-one"
"225","2015.81","-978.463","36.559","11","2282.94","-1140.12","1050.9","0","0","0","0","0","45000","no-one","0","0","no-one","no-one","no-one","no-one","no-one"
"226","2045.17","-965.781","44.5541","11","2282.94","-1140.12","1050.9","0","0","0","0","0","45000","no-one","0","0","no-one","no-one","no-one","no-one","no-one"
"227","2007.79","-985.093","33.9179","11","2282.94","-1140.12","1050.9","0","0","0","0","0","40000","no-one","0","0","no-one","no-one","no-one","no-one","no-one"
"228","2139.98","-1008.1","61.7385","10","2270.08","-1210.49","1047.56","0","0","0","0","0","44500","no-one","0","0","no-one","no-one","no-one","no-one","no-one"
"229","2108.95","-1000.42","60.5078","1","2217.77","-1076.21","1050.48","0","0","0","0","0","35000","no-one","0","0","no-one","no-one","no-one","no-one","no-one"
"230","2186.31","-997.392","66.4688","11","2282.94","-1140.12","1050.9","0","0","0","0","0","39000","no-one","0","0","no-one","no-one","no-one","no-one","no-one"
"231","2283.64","-1046.41","49.8871","1","223.054","1287.36","1082.14","0","0","0","0","0","5500","no-one","0","0","no-one","no-one","no-one","no-one","no-one"
"232","2297.53","-1053.73","49.934","1","223.054","1287.36","1082.14","0","0","0","0","0","9900","no-one","0","0","no-one","no-one","no-one","no-one","no-one"
"233","2318.45","-1053.44","52.3516","2","271.885","306.632","999.148","0","0","0","0","0","5600","no-one","0","0","no-one","no-one","no-one","no-one","no-one"
"234","2335.4","-1045.4","52.3582","6","2308.76","-1212.55","1049.02","0","0","0","0","0","9400","no-one","0","0","no-one","no-one","no-one","no-one","no-one"
"235","2347.99","-1047.16","53.8593","1","244.412","305.033","999.148","0","0","0","0","0","3200","no-one","0","0","no-one","no-one","no-one","no-one","no-one"
"236","2362.85","-1046.81","54.1484","1","223.054","1287.36","1082.14","0","0","0","0","0","4600","no-one","0","0","no-one","no-one","no-one","no-one","no-one"
"237","2278.84","-1077.15","47.9583","8","2365.22","-1135.56","1050.88","0","0","0","0","0","22500","no-one","0","0","no-one","no-one","no-one","no-one","no-one"
"238","2287.59","-1080.82","48.0067","5","2233.66","-1114.98","1050.88","0","0","0","0","1","6000","Persianmetal","0","0","no-one","no-one","no-one","no-one","no-one"
"239","2462.18","-1011.93","60.1137","11","2282.94","-1140.12","1050.9","0","0","0","0","0","11500","no-one","0","0","no-one","no-one","no-one","no-one","no-one"
"240","2457.32","-1054.49","59.7422","11","2282.94","-1140.12","1050.9","0","0","0","0","0","11000","no-one","0","0","no-one","no-one","no-one","no-one","no-one"
"241","2527.25","-1060.78","69.5682","6","2308.76","-1212.55","1049.02","0","0","0","0","0","5450","no-one","0","0","no-one","no-one","no-one","no-one","no-one"
"242","2534.02","-1063.19","69.5657","1","244.412","305.033","999.148","0","0","0","0","0","7300","no-one","0","0","no-one","no-one","no-one","no-one","no-one"
"243","2526.89","-1034.29","69.5794","1","244.412","305.033","999.148","0","0","0","0","0","7300","no-one","0","0","no-one","no-one","no-one","no-one","no-one"
"244","2561.01","-1034.68","69.5752","11","2282.94","-1140.12","1050.9","0","0","0","0","0","7150","no-one","0","0","no-one","no-one","no-one","no-one","no-one"
"245","2579.64","-1033.79","69.5804","6","2308.76","-1212.55","1049.02","0","0","0","0","0","8100","no-one","0","0","no-one","no-one","no-one","no-one","no-one"
"246","2576.14","-1070.62","69.8322","8","2365.22","-1135.56","1050.88","0","0","0","0","0","15600","no-one","0","0","no-one","no-one","no-one","no-one","no-one"
"247","2519.32","-1113.03","56.5926","10","2270.08","-1210.49","1047.56","0","0","0","0","0","16250","no-one","0","0","no-one","no-one","no-one","no-one","no-one"
"248","2457.13","-1101.9","43.8672","11","2282.94","-1140.12","1050.9","0","0","0","0","0","9650","no-one","0","0","no-one","no-one","no-one","no-one","no-one"
"249","2388.04","-1279.63","25.1291","11","2282.94","-1140.12","1050.9","0","0","0","0","0","11500","no-one","0","0","no-one","no-one","no-one","no-one","no-one"
"250","2091.38","-1278.63","26.1797","10","2270.08","-1210.49","1047.56","0","0","0","0","0","18150","no-one","0","0","no-one","no-one","no-one","no-one","no-one"
"251","2100.89","-1321.33","25.9531","11","2282.94","-1140.12","1050.9","0","0","0","0","0","17300","no-one","0","0","no-one","no-one","no-one","no-one","no-one"
"252","2127.04","-1320.42","26.6245","4","-261.038","1456.65","1084.37","0","0","0","0","1","24300","Persianmetal","0","0","no-one","no-one","no-one","no-one","no-one"
"253","2148.59","-1319.35","25.7433","11","2282.94","-1140.12","1050.9","0","0","0","0","1","18100","Persianmetal","0","0","no-one","no-one","no-one","no-one","no-one"
"254","2132.26","-1280.28","25.8906","11","2282.94","-1140.12","1050.9","0","0","0","0","0","17250","no-one","0","0","no-one","no-one","no-one","no-one","no-one"
"255","2150.19","-1285.46","24.1965","8","2365.22","-1135.56","1050.88","0","0","0","0","0","19700","no-one","0","0","no-one","no-one","no-one","no-one","no-one"
"256","-90.8945","-1592.57","3.00431","1","223.054","1287.36","1082.14","0","0","0","0","0","3700","mizozaki","0","0","no-one","no-one","no-one","no-one","no-one"
"257","-2657.52","849.722","64.0078","9","2317.76","-1026.43","1050.22","0","0","0","0","0","181150","no-one","0","0","no-one","no-one","no-one","no-one","no-one"
"258","189.722","-1308.21","70.2511","12","2324.5","-1147.07","1050.71","0","0","0","0","0","488900","no-one","0","0","no-one","no-one","no-one","no-one","no-one"
"259","-1422.24","-967.429","200.773","1","223.054","1287.36","1082.14","0","0","0","0","0","7600","no-one","0","0","no-one","no-one","no-one","no-one","no-one"
"260","255.162","-1366.7","53.1094","12","2324.5","-1147.07","1050.71","0","0","0","0","0","333500","no-one","0","0","no-one","no-one","no-one","no-one","no-one"
"261","2495.24","-1690.43","14.7656","3","2495.98","-1692.42","1014.74","0","0","0","0","1","28000","hunter","1","500","no-one","no-one","no-one","no-one","no-one"
"262","2513.92","-1691.35","14.046","11","2282.94","-1140.12","1050.9","0","0","0","0","1","6600","hunter","1","150","no-one","no-one","no-one","no-one","no-one"
"263","2522.91","-1679.33","15.497","2","2237.5","-1080.94","1049.02","0","0","0","0","1","11650","hunter","1","400","no-one","no-one","no-one","no-one","no-one"
"264","2524.06","-1658.77","15.4935","6","2308.76","-1212.55","1049.02","0","0","0","0","1","8900","hunter","1","250","no-one","no-one","no-one","no-one","no-one"
"265","2498.51","-1642.62","13.7826","6","2333.07","-1077.06","1049.02","0","0","0","0","1","9900","hunter","1","300","no-one","no-one","no-one","no-one","no-one"
"266","2486.44","-1645.15","14.0772","3","2495.98","-1692.42","1014.74","0","0","0","0","1","16600","hunter","1","450","no-one","no-one","no-one","no-one","no-one"
"267","2459.43","-1690.57","13.5454","8","-42.6093","1405.8","1084.43","0","0","0","0","0","16600","hunter","0","0","no-one","no-one","no-one","no-one","no-one"
"268","2469.59","-1646.79","13.7801","6","2308.76","-1212.55","1049.02","0","0","0","0","1","5650","hunter","1","250","no-one","no-one","no-one","no-one","no-one"
"269","2414.05","-1647.34","14.0119","11","2282.94","-1140.12","1050.9","0","0","0","0","1","6600","hunter","1","125","no-one","no-one","no-one","no-one","no-one"
"270","2384.66","-1675.26","14.9152","11","2282.94","-1140.12","1050.9","0","0","0","0","1","6150","hunter","1","125","no-one","no-one","no-one","no-one","no-one"
"271","2393.13","-1646.45","13.9051","11","2282.94","-1140.12","1050.9","0","0","0","0","1","6600","hunter","1","125","no-one","no-one","no-one","no-one","no-one"
"272","2327.61","-1681.74","14.9297","8","2365.22","-1135.56","1050.88","0","0","0","0","0","11650","hunter","0","0","no-one","no-one","no-one","no-one","no-one"
"273","2345.37","-1785.88","13.5469","1","223.054","1287.36","1082.14","0","0","0","0","1","7300","hunter","1","250","no-one","no-one","no-one","no-one","no-one"
"274","2322.53","-1795.95","13.5469","5","2233.66","-1114.98","1050.88","0","0","0","0","1","6400","hunter","1","150","no-one","no-one","no-one","no-one","no-one"
"276","2402.69","-1715.44","14.1328","6","2333.07","-1077.06","1049.02","0","0","0","0","1","11150","hunter","1","150","no-one","no-one","no-one","no-one","no-one"
"277","2389.04","-1346.15","24.8151","1","223.054","1287.36","1082.14","0","0","0","0","0","5500","no-one","0","0","no-one","no-one","no-one","no-one","no-one"
"279","2382.99","-1366.4","24.4914","1","223.054","1287.36","1082.14","0","0","0","0","0","5400","no-one","0","0","no-one","no-one","no-one","no-one","no-one"
"280","2387.38","-1328.44","25.1242","11","2282.94","-1140.12","1050.9","0","0","0","0","0","5650","no-one","0","0","no-one","no-one","no-one","no-one","no-one"
"281","2434.08","-1274.94","24.7567","6","2308.76","-1212.55","1049.02","0","0","0","0","0","5600","no-one","0","0","no-one","no-one","no-one","no-one","no-one"
"282","2435.39","-1288.99","25.3479","11","2282.94","-1140.12","1050.9","0","0","0","0","0","5700","no-one","0","0","no-one","no-one","no-one","no-one","no-one"
"283","2434.56","-1303.4","24.9328","1","223.054","1287.36","1082.14","0","0","0","0","0","5350","no-one","0","0","no-one","no-one","no-one","no-one","no-one"
"284","2434.5","-1320.79","24.927","11","2282.94","-1140.12","1050.9","0","0","0","0","0","5600","no-one","0","0","no-one","no-one","no-one","no-one","no-one"
"285","300.009","-1154.58","81.2758","5","1261.12","-785.38","1091.91","0","0","0","0","0","344000","safa7","0","0","no-one","no-one","no-one","no-one","no-one"
"286","-382.501","-1438.83","25.8256","4","261.05","1284.76","1080.26","0","0","0","0","0","89500","no-one","0","0","no-one","no-one","no-one","no-one","no-one"
"287","298.435","-1337.88","53.4415","10","2270.08","-1210.49","1047.56","0","0","0","0","0","244450","no-one","0","0","no-one","no-one","no-one","no-one","no-one"
"288","219.793","-1250.36","78.3322","4","-261.038","1456.65","1084.37","0","0","0","0","0","338500","no-one","0","0","no-one","no-one","no-one","no-one","no-one"
"289","1123.46","-2037.04","69.887","5","1261.12","-785.38","1091.91","0","0","0","0","1","666000","Persianmetal","0","0","no-one","no-one","no-one","no-one","no-one"
"290","2017.33","-1703.45","14.2345","11","2282.94","-1140.12","1050.9","0","0","0","0","1","7150","Mirc","0","0","no-one","no-one","no-one","no-one","no-one"
"291","2015.48","-1717.07","13.5547","8","2365.22","-1135.56","1050.88","0","0","0","0","1","11200","Mirc","0","0","no-one","no-one","no-one","no-one","no-one"
"292","2014.8","-1732.66","14.2344","11","2282.94","-1140.12","1050.9","0","0","0","0","1","9450","Mirc","0","0","no-one","no-one","no-one","no-one","no-one"
"293","1981.17","-1718.94","17.0303","9","2317.76","-1026.43","1050.22","0","0","0","0","1","33600","Mirc","0","0","no-one","no-one","no-one","no-one","no-one"
"294","1973.27","-1705.54","15.9688","10","2270.08","-1210.49","1047.56","0","0","0","0","1","28150","Mirc","1","1750","no-one","no-one","no-one","no-one","no-one"
"295","1969.23","-1705.35","15.9688","5","2233.66","-1114.98","1050.88","0","0","0","0","1","5650","Mirc","1","1000","|BW|MrLittle|F","no-one","no-one","no-one","no-one"
"296","1981.46","-1682.83","17.0537","6","2196.71","-1204.36","1049.02","0","0","0","0","0","27200","Mirc","0","0","no-one","no-one","no-one","no-one","no-one"
"299","1969.85","-1671.75","15.9688","11","2282.94","-1140.12","1050.9","0","0","0","0","1","7100","Mirc","1","750","no-one","no-one","no-one","no-one","no-one"
"300","1978.57","-1671.58","18.5456","11","2282.94","-1140.12","1050.9","0","0","0","0","1","7500","Mirc","1","750","no-one","no-one","no-one","no-one","no-one"
"301","1974.97","-1671.43","18.5456","11","2282.94","-1140.12","1050.9","0","0","0","0","1","7200","Mirc","1","750","no-one","no-one","no-one","no-one","no-one"
"302","1969.91","-1671.26","18.5456","11","2282.94","-1140.12","1050.9","0","0","0","0","1","7200","Mirc","1","750","no-one","no-one","no-one","no-one","no-one"
"303","1969.35","-1655.1","15.9688","8","2365.22","-1135.56","1050.88","0","0","0","0","1","12150","Mirc","1","1250","no-one","no-one","no-one","no-one","no-one"
"304","1973.33","-1655.17","15.9688","8","2365.22","-1135.56","1050.88","0","0","0","0","0","12150","Mirc","0","0","no-one","no-one","no-one","no-one","no-one"
"305","2017.69","-1629.87","13.7121","11","2282.94","-1140.12","1050.9","0","0","0","0","0","22750","Mirc","0","0","no-one","no-one","no-one","no-one","no-one"
"306","2016.47","-1641.72","14.1129","6","2308.76","-1212.55","1049.02","0","0","0","0","0","22100","Mirc","0","0","no-one","no-one","no-one","no-one","no-one"
"307","2013.38","-1656.41","13.8058","6","2308.76","-1212.55","1049.02","0","0","0","0","0","17750","Mirc","0","0","no-one","no-one","no-one","no-one","no-one"
"308","2150.67","-1400.72","25.798","11","2282.94","-1140.12","1050.9","0","0","0","0","0","11650","no-one","0","0","no-one","no-one","no-one","no-one","no-one"
"309","2150.35","-1419.06","25.9219","11","2282.94","-1140.12","1050.9","0","0","0","0","0","11500","no-one","0","0","no-one","no-one","no-one","no-one","no-one"
"310","2148.94","-1433.69","25.5391","11","2282.94","-1140.12","1050.9","0","0","0","0","0","11150","no-one","0","0","no-one","no-one","no-one","no-one","no-one"
"311","2151.77","-1446.2","25.7746","11","2282.94","-1140.12","1050.9","0","0","0","0","0","12150","no-one","0","0","no-one","no-one","no-one","no-one","no-one"
"312","2145.99","-1470.67","25.5467","11","2282.94","-1140.12","1050.9","0","0","0","0","0","12150","no-one","0","0","no-one","no-one","no-one","no-one","no-one"
"313","2148.59","-1484.91","26.624","10","2270.08","-1210.49","1047.56","0","0","0","0","0","23250","no-one","0","0","no-one","no-one","no-one","no-one","no-one"
"316","1972.27","-1633.99","15.9688","11","2282.94","-1140.12","1050.9","0","0","0","0","0","8200","Mirc","0","0","no-one","no-one","no-one","no-one","no-one"
"317","1967.64","-1633.93","15.9688","11","2282.94","-1140.12","1050.9","0","0","0","0","0","8200","Mirc","0","0","no-one","no-one","no-one","no-one","no-one"
"318","1975.95","-1634.07","18.569","11","2282.94","-1140.12","1050.9","0","0","0","0","0","8600","Mirc","0","0","no-one","no-one","no-one","no-one","no-one"
"319","1972.39","-1633.83","18.569","11","2282.94","-1140.12","1050.9","0","0","0","0","0","8300","Mirc","0","0","no-one","no-one","no-one","no-one","no-one"
"320","1967.43","-1633.86","18.569","11","2282.94","-1140.12","1050.9","0","0","0","0","0","8300","Mirc","0","0","no-one","no-one","no-one","no-one","no-one"
"321","2068.5","-1588.52","13.4905","8","2365.22","-1135.56","1050.88","0","0","0","0","0","17000","no-one","0","0","no-one","no-one","no-one","no-one","no-one"
"322","2076.31","-1588.2","13.4895","8","2365.22","-1135.56","1050.88","0","0","0","0","0","16500","no-one","0","0","no-one","no-one","no-one","no-one","no-one"
"323","2065.6","-1583.45","13.4815","8","2365.22","-1135.56","1050.88","0","0","0","0","0","16500","no-one","0","0","no-one","no-one","no-one","no-one","no-one"
"324","2073.37","-1582.98","13.4731","8","2365.22","-1135.56","1050.88","0","0","0","0","0","16500","no-one","0","0","no-one","no-one","no-one","no-one","no-one"
"325","2306.89","-1678.5","14.0012","11","2282.94","-1140.12","1050.9","0","0","0","0","0","16100","hunter","0","0","no-one","no-one","no-one","no-one","no-one"
"326","693.548","-1705.82","3.8125","10","2270.08","-1210.49","1047.56","0","0","0","0","0","216500","admin","0","0","no-one","no-one","no-one","no-one","no-one"
"327","694.806","-1690.73","4.34612","6","2196.71","-1204.36","1049.02","0","0","0","0","0","205500","no-one","0","0","no-one","no-one","no-one","no-one","no-one"
"328","693.757","-1645.81","4.09375","6","2196.71","-1204.36","1049.02","0","0","0","0","0","206000","no-one","0","0","no-one","no-one","no-one","no-one","no-one"
"329","697.286","-1626.98","3.74219","8","2365.22","-1135.56","1050.88","0","0","0","0","0","161000","ownbyurs11","0","0","no-one","no-one","no-one","no-one","no-one"
"330","766.919","-1606.04","13.7969","8","2365.22","-1135.56","1050.88","0","0","0","0","0","161000","no-one","0","0","no-one","no-one","no-one","no-one","no-one"
"331","768.073","-1655.74","5.60938","6","2196.71","-1204.36","1049.02","0","0","0","0","0","182000","no-one","0","0","no-one","no-one","no-one","no-one","no-one"
"332","769.222","-1696.47","5.14844","10","2270.08","-1210.49","1047.56","0","0","0","0","0","172000","no-one","0","0","no-one","no-one","no-one","no-one","no-one"
"333","769.229","-1745.86","13.0703","6","2196.71","-1204.36","1049.02","0","0","0","0","0","188500","no-one","0","0","no-one","no-one","no-one","no-one","no-one"
